gene,importance
TMSB10,0.1937027473099954
PSME2,0.10322639414838064
MTRNR2L8,0.08756883450246472
XIST,0.0655219172878867
UPP1,0.05568499943141506
HLA-DQA2,0.05103547142982387
ISG20,0.03280469537954673
IFI44L,0.02838759623597893
IFI6,0.02627892063805548
HBB,0.021265803635335714
LTB,0.02116264363210556
CD52,0.02069503238881976
PPBP,0.019366008201197497
CYBB,0.011284352511790278
XAF1,0.010670867223425327
HLA-DRB5,0.01050809048778208
IL32,0.01046770305830514
S100A4,0.009287721158810106
CD63,0.008912385978813976
CTSS,0.007377413876158717
GAPDH,0.006578088104904269
GBP5,0.0061171487930419596
AREG,0.006106908222394933
SELL,0.005832656224673583
IFITM2,0.005825304186918305
FTH1,0.005280397988724099
SMOX,0.004998812415991067
ISG15,0.004968726277949961
GNLY,0.004778871878518003
RNF144B,0.0043860759878827805
CAVIN2,0.004199437941612693
ARPC5,0.0038824380160026677
THBS1,0.003691412603836284
NKG7,0.0036043234381189755
HLA-DQB1,0.0034960578711622685
MT-ND1,0.0034634508423359435
TRBC2,0.0033252894982553636
RAB31,0.003211665556690485
STAT1,0.003124784914270335
TMSB4X,0.0030506345798031317
PRDX2,0.0030346646102324816
PF4,0.002960943943806629
FOS,0.002933675560252479
CD8B,0.0029260175213772425
FKBP11,0.002718315868465632
PLAC8,0.002595600423516128
HMOX1,0.002399955351160806
IFNGR2,0.002163122068361473
TYMP,0.0021415539895086972
HBA2,0.0020873969576869784
OAZ1,0.001973174675716821
ITGB2,0.0019355336532974397
CYBA,0.0019040912432868617
S100A8,0.0018670997304217932
SAMHD1,0.001645649685598171
HIST1H1D,0.0016294015156928332
GADD45B,0.0015549508824467815
CD74,0.0014343746091494565
ASPH,0.0013927460639328757
AC147651.1,0.0013480322524410363
BLVRB,0.0013415587661102554
LCN2,0.0013281643369655186
SCGB3A1,0.0012486863934068773
TUBB1,0.0012284105535232063
GBP4,0.0011759017470922754
VCAN,0.0011752824407841608
SDC2,0.0011713787662544588
PMAIP1,0.0010054833710793846
HSP90AA1,0.0009600976342126274
FCGR2A,0.0007027406388893152
UCP2,0.000699154514702464
PCLAF,0.0006733712995718714
H1FX,0.0006700950078425811
LTF,0.0006262654522073879
ZEB2,0.0006118831900021689
HIST3H2A,0.0006113559138308219
BANK1,0.0006045550005915628
HSPA1A,0.0005922008579090967
KLF6,0.0005861384366224891
HBD,0.0005357690281037097
KLRC2,0.000514421107105736
MX1,0.0005124642467058045
YBX3,0.0005121719867159834
HIST1H4C,0.0005024681779301416
MS4A7,0.0004974742953705967
MAX,0.00048775758002269146
CD9,0.0004671091260204849
COTL1,0.00046608913066901396
CFL1,0.00046523189955540145
SLA2,0.0004588628359764318
HSPA5,0.000457330051782673
ITGA6,0.00043572647898184024
TSPYL2,0.00043540335203287096
LYL1,0.00042808795754562993
SMIM5,0.0004235335179296382
HAPLN3,0.0004062678691826281
SOCS3,0.0004002468163455954
MMP9,0.0003956148488553424
HBG2,0.00039028114848170694
CMTM5,0.00036756694591862934
EMP3,0.0003665230339986229
HPGD,0.0003430391495210707
TGFB1,0.00033889212040580456
ARPC1B,0.0003378671400699534
CDT1,0.0003373993397261591
HLA-DRB1,0.00033207489610734514
TSHZ2,0.0003208407762547841
BPGM,0.00031587319089038574
NELL2,0.00031194581917286246
AHSP,0.0003093768020023634
S100A9,0.0003088898679574418
GNG8,0.00030540798980485944
S100A6,0.00030532124215591034
LGALSL,0.0003016633873832643
NEAT1,0.00029741318942436227
HIST1H1C,0.0002904530789644791
GNG11,0.00028200439873531205
CLDN5,0.00028154558263144495
HSP90B1,0.00027499974346414675
HLA-DRA,0.0002728357073885542
RGL4,0.0002723451976404683
TREML1,0.0002616112988684901
HPSE,0.0002556768531436226
PDK1,0.0002506404645047679
HMGA1,0.00024753805840712235
MYL9,0.0002455465346188532
CCL5,0.000243802947404774
BNIP3L,0.00023855022279366833
FPR1,0.0002363184148305101
UBE2J1,0.00023535064708764185
SRGN,0.00022934058395492968
CRIP2,0.00022525911579062262
PARD6G,0.00022447472808791508
PPIB,0.0002219215904123923
PSMB9,0.00021678689188089721
SLC25A39,0.00021003021129993604
SNCA,0.00020556701584835665
ATP6V0B,0.0002029785849331454
MIR181A1HG,0.00019956534775137174
ARID5B,0.00019735453273225076
HLA-DPB1,0.00019637226653910697
ANK3,0.00019474385777671296
SLC2A3,0.00018992406801314398
FKBP1A,0.0001829745971119909
AL157895.1,0.00018076941193595985
SAMSN1,0.00017871478605449773
GJB6,0.00017845020909913926
GZMB,0.000174754891740328
ETS2,0.00016768892104453397
FTL,0.00016719426406789503
IGHG2,0.00016439039516772145
RGCC,0.00016424098955804245
MARCO,0.0001632506118916863
SH3BGRL3,0.0001616899798623893
LINC01003,0.00016139830749279006
CALHM6,0.00016075271425290474
LPL,0.0001554966436467846
ANXA3,0.00015332152349154188
IFITM3,0.00015236478765721137
PFN1,0.0001515446145799605
HBA1,0.00015139278837973083
PPA1,0.0001513778313356219
PLIN2,0.0001503004337693598
ARPC3,0.00014918971782137966
HIF1A,0.00014685379522242468
ELF1,0.00014281220113368878
ITM2A,0.0001387986596100238
KLF1,0.00013644014385505974
ACTG1,0.00013303823939243728
MEIS1,0.00013278711893461375
NEXN-AS1,0.00013128899124666976
LINC01943,0.00013023986600264458
ID2,0.00012993388122397727
SSR4,0.0001289119343343491
DGKE,0.00012679692053694703
NPDC1,0.0001244808839666447
PSMA7,0.0001192370260073204
SYNM,0.00011922582554613303
CLEC7A,0.00011657850674704439
EIF2AK1,0.00011497195709331317
AFF3,0.0001148507015239397
FABP5,0.0001147761903671484
MYB,0.0001135730418548985
H3F3A,0.00011296875244190222
CD36,0.00011295045341215329
RHOC,0.00011191411631779968
FERMT3,0.00011171953564048359
NFIX,0.0001106472490260029
GBP1,0.00011034364216241211
PSMA4,0.00011030818068095017
SDF2L1,0.00011003112523462107
TYMS,0.00011001258639059608
RAB10,0.00010964344920933316
LDHA,0.00010962617004745403
GATA3,0.00010873738597572753
PHOSPHO1,0.00010837600688197373
IGHV5-10-1,0.0001079347188670129
LYAR,0.00010735084279012153
NRGN,0.00010584160078058132
AP000692.2,0.00010526724271107725
REXO2,0.00010470881431221309
LTBP1,0.00010451403907467928
ACTB,0.00010401582665468273
GADD45A,0.00010379074101694199
SNAP23,0.00010287912360287245
FCGR3A,0.00010012209488420591
TALDO1,9.927878839201838e-05
KLRB1,9.926014418638288e-05
HSPB1,9.924588899366726e-05
SLC18A2,9.847846456891414e-05
C21orf58,9.782331064998778e-05
AC243829.4,9.737162489168978e-05
TRBC1,9.724663680235841e-05
NCK2,9.641628755584043e-05
CMC1,9.47853324175116e-05
CARMIL1,9.460408071427622e-05
TTN,9.443269314616786e-05
TNFSF13B,9.428675451268747e-05
AC133644.2,9.41090456612785e-05
ATP1B1,9.351001896659608e-05
CPEB4,9.286419829027642e-05
RNF141,9.219724254557696e-05
CST7,9.19384317555449e-05
HMGB2,9.053531062781996e-05
RIOK3,9.034331166799542e-05
DNMT1,9.028644321587911e-05
NFKBIZ,8.93955385172078e-05
FCER1G,8.933487074113849e-05
PRKAR2B,8.927244274301394e-05
RFLNB,8.903830347472123e-05
SMIM1,8.864558259050504e-05
ATP2B1-AS1,8.794074271931746e-05
CD3G,8.760135004334741e-05
UBB,8.648163148945226e-05
BEX3,8.643888546247837e-05
VSIR,8.546162649446079e-05
HEMGN,8.47937748402927e-05
LAIR2,8.379864143599752e-05
VSIG4,8.33523312847813e-05
AL034397.3,8.334980794661818e-05
IFIT1B,8.25779637421902e-05
MCEMP1,8.250385949754022e-05
HOPX,8.011866694785966e-05
CCR4,7.944983650387739e-05
DERL3,7.91144981932994e-05
ALAS2,7.844919400755233e-05
GMPR,7.835148445309466e-05
BIN2,7.788634267240062e-05
ARL4C,7.788142428820937e-05
RDH11,7.730848788860018e-05
NT5M,7.674406362916454e-05
TRIP13,7.664539222819529e-05
SLC25A37,7.616478156887357e-05
ID1,7.579400106785198e-05
STMN1,7.570674221080902e-05
TPM4,7.525704371532203e-05
MFAP5,7.445748490560065e-05
SOWAHC,7.385611315261283e-05
NQO2,7.352939326308514e-05
DUT,7.343673103685092e-05
HMGB3,7.331619196805422e-05
NEU1,7.312610141820088e-05
MYL6,7.265161461712715e-05
VAMP5,7.217510823078801e-05
SLC26A4-AS1,7.172060398395107e-05
PTGDS,7.13853110033381e-05
CSRP1,7.108009847167136e-05
EPB42,7.104928979825513e-05
PLXDC2,7.089871678710302e-05
PRDM1,7.082618628033151e-05
BASP1,7.082136275087607e-05
PASK,7.0379007554379e-05
HSPD1,7.024919785480491e-05
PDLIM1,6.984199483877699e-05
RAB5IF,6.964473475573351e-05
ADTRP,6.917045342979462e-05
UBE2H,6.886404226550953e-05
ABCC4,6.88146227401165e-05
LAYN,6.708549876202408e-05
AC011139.1,6.706626520070554e-05
SLC4A1,6.702891092778455e-05
PHKB,6.691647771935395e-05
HIST1H1A,6.670870889941387e-05
AKAP9,6.669876363823867e-05
KIF2A,6.63577651418401e-05
GZMK,6.616665623593794e-05
AC015912.3,6.536758872468105e-05
LMAN1,6.469995559301551e-05
OSCAR,6.448456574433593e-05
TP53INP1,6.440160516896713e-05
ANK1,6.40490531754297e-05
C19orf33,6.391787071932344e-05
SH3BGRL2,6.327955055561905e-05
HOTAIRM1,6.26205148197387e-05
CD3D,6.225649326676573e-05
LGALS3,6.218831544223981e-05
CXCL5,6.187568488670928e-05
KDELR2,6.181504187139275e-05
AK5,6.175530500349405e-05
CNKSR3,6.0590763100203694e-05
ASAP1,6.0324114199910854e-05
IRF7,6.013267371191408e-05
ENTPD1,5.9707803622027765e-05
ERV3-1,5.969239501819667e-05
FGL2,5.962379971294956e-05
IL2RB,5.9544316887090696e-05
AC020916.1,5.9364960732056806e-05
MPP1,5.925595435988417e-05
GLRX,5.854548070211418e-05
ARRDC4,5.8332962252784415e-05
DHRS3,5.780555957028828e-05
AC020656.1,5.762537805296879e-05
PLSCR1,5.738761312208115e-05
KLK1,5.728293549909117e-05
TMEM56,5.7194337639871345e-05
PELI1,5.600317831795573e-05
DENND2C,5.57229454489702e-05
GNAQ,5.553146402961429e-05
STX3,5.543702653609928e-05
ANXA1,5.5290551976773114e-05
GZMA,5.52610166302955e-05
TECPR2,5.495611751709708e-05
HBQ1,5.4933561947858815e-05
MISP3,5.481080267759879e-05
CTNNAL1,5.475142730111422e-05
LMNB1,5.4610847694532144e-05
TTK,5.4283667933693e-05
VNN2,5.3415978558350544e-05
GNB5,5.339914633152411e-05
PDIA3,5.307661650935398e-05
LY9,5.297332205494414e-05
DNAH12,5.2466481197972665e-05
CTSZ,5.215259835266616e-05
PLEK,5.211104660393299e-05
CHEK1,5.162003252958757e-05
FAM133A,5.1554721126051046e-05
CMIP,5.1481787386977177e-05
CYSTM1,5.143974485281242e-05
TIMP4,5.138939770406516e-05
NORAD,5.123460399028446e-05
XPNPEP1,5.113239913687736e-05
AL022323.4,5.060852422841942e-05
KCNK6,5.0499883372161985e-05
RRM1,5.042970726012322e-05
IFRD1,5.041346889424386e-05
TNFSF4,5.030709546333867e-05
ID3,5.029177680623596e-05
SKA3,5.012106276857905e-05
MKI67,5.0108508397356354e-05
RAB37,5.0036078199391136e-05
CEP350,4.990463360441538e-05
MT1X,4.990226291093123e-05
TUBA1B,4.9811854649496344e-05
SOD2,4.940171280374162e-05
MEGF9,4.91484880024574e-05
FKBP5,4.88446815284617e-05
CARD16,4.86622834410408e-05
AC245128.3,4.8622892138497134e-05
TNNT1,4.8524562548465254e-05
KIR2DL1,4.795850214028826e-05
HELLS,4.7888436888470774e-05
HSBP1,4.7754212924880754e-05
STXBP5,4.7745641030628547e-05
RPS27L,4.772086804440232e-05
FAM210B,4.7618116034627745e-05
TRIP11,4.7449097216633045e-05
TPST1,4.735144360148166e-05
INF2,4.7018501584733366e-05
IMPA2,4.6976636444080636e-05
SRGAP1,4.6556426950501584e-05
SSR3,4.6501048660737516e-05
THOC2,4.62209280546215e-05
CCND2,4.58669679918916e-05
TRBV6-2,4.574530082647588e-05
METTL7A,4.564743946708091e-05
FAM214B,4.53081619803562e-05
RIPOR3,4.529027764922263e-05
MLLT3,4.522867892227394e-05
CX3CR1,4.5082969545716145e-05
WDR76,4.4689701714043736e-05
MAN1A1,4.46741824991458e-05
KLHL42,4.452828989770301e-05
GAS7,4.447083556162288e-05
CYTL1,4.4458486295105963e-05
LINC00570,4.409607581321347e-05
SH3BP2,4.37612021269017e-05
MCF2L,4.3589669986628574e-05
MCM7,4.3511671940940894e-05
BRI3,4.3346192784524355e-05
SEPT10,4.331654261647051e-05
TAF7L,4.326402987656506e-05
MS4A1,4.306499509112665e-05
CLIC3,4.276467124217756e-05
GNA15,4.2636693116113715e-05
HIST1H2AJ,4.2526126875005794e-05
GP6,4.23445798141671e-05
CDCA7,4.2171116692239706e-05
NCAPG,4.196075802029343e-05
NXF3,4.1727949271865895e-05
SDS,4.162158263343938e-05
EIF4G3,4.152996990005654e-05
SERPINB2,4.14723689235168e-05
CR1,4.132754456829509e-05
VMO1,4.1219342608746616e-05
CTSC,4.1192021066861554e-05
VIM-AS1,4.1103056706061704e-05
TNFAIP3,4.109839372950843e-05
HSPA8,4.1052963410407514e-05
PECAM1,4.104053054001159e-05
F2R,4.090133860584859e-05
LAP3,4.067907958448781e-05
DCAF12,4.0651044595742796e-05
CCT5,4.048341716590002e-05
MRPL51,4.044557765601479e-05
ARHGAP21,4.028841809902429e-05
TPM3,4.000470272617441e-05
BCL7A,4.0000383417913375e-05
NECAB3,3.996560563165944e-05
LINC00926,3.9936892604348045e-05
ATAD2,3.9407506957530165e-05
TRAF1,3.9335569578935187e-05
ANKRD28,3.919956123828853e-05
DDIT4L,3.916972785205809e-05
ARHGEF12,3.916790972622882e-05
AKR1C3,3.9115848102843895e-05
PLEKHF2,3.899433091886104e-05
FHL2,3.877301284480238e-05
AKR7A2,3.8545557192804826e-05
EFHD2,3.847724650629761e-05
GLIPR2,3.840892779594411e-05
SMIM3,3.830107186460973e-05
C20orf27,3.827756483070172e-05
TMEM107,3.824178784810859e-05
LINC02446,3.822678069564997e-05
MAD2L1,3.798650229954766e-05
CD4,3.787544412646895e-05
TMEM167A,3.786084727225853e-05
PRDX3,3.7640000088234127e-05
ACTR2,3.7578105592034436e-05
DAAM2,3.754911343245026e-05
GPSM2,3.7262351174001855e-05
TPO,3.720677420572347e-05
CEP152,3.704600010181593e-05
AF131216.5,3.696802617107593e-05
NCF4,3.695544458657463e-05
CSF3R,3.6771555032173593e-05
BCL2L14,3.6657572594274985e-05
TRBV3-1,3.657820083174563e-05
AGTRAP,3.648676735355372e-05
MYL4,3.646205449207376e-05
FAM69B,3.636865311452461e-05
IGKC,3.618456484287417e-05
AL365361.1,3.607603206207666e-05
GLRX5,3.600874469567139e-05
FERMT2,3.595535676491634e-05
RAP1B,3.574151170219441e-05
CENPA,3.570715271717753e-05
CTSA,3.568197614913603e-05
HNRNPAB,3.562631567232714e-05
CD34,3.5475312282999015e-05
NABP1,3.547076209300164e-05
TLK1,3.537780627929781e-05
VEGFC,3.5309628420433045e-05
TNFRSF13C,3.520268149850038e-05
GCLM,3.510430240703722e-05
MTURN,3.492994581924314e-05
TMEM14C,3.485567245293619e-05
ADA2,3.4770356684643485e-05
CD69,3.475687827690129e-05
AC004585.1,3.4625648943926876e-05
DUSP2,3.462336676708088e-05
IL1R2,3.4530148378648496e-05
ITGB3,3.4520874068210634e-05
TRIM58,3.448447313062936e-05
SIDT2,3.434203768416485e-05
SAMD9L,3.432159303291305e-05
SAT1,3.3834158926322747e-05
MXD1,3.370959273312142e-05
PYCARD,3.367727683654179e-05
CTSD,3.367529143306667e-05
CTTN,3.3588695984195946e-05
TLN1,3.357240137872994e-05
ZFP36L1,3.352154557077292e-05
RASSF6,3.3513390181159344e-05
TSPAN33,3.3410050217599366e-05
TCEAL9,3.333880109496226e-05
MTRNR2L12,3.323817186394639e-05
RAB32,3.308216409883243e-05
DAPP1,3.3012113625447045e-05
GZMH,3.30041982309566e-05
VXN,3.29290450857652e-05
H2AFY,3.2841532997038885e-05
CCDC71L,3.2772406751371514e-05
CENPN,3.273358633605605e-05
TNFSF9,3.2597768339194026e-05
OSM,3.251102436433784e-05
ST3GAL4,3.2504902500182035e-05
KCNIP4-IT1,3.238983313885966e-05
VIM,3.22830519631542e-05
MAP2K1,3.227044700488827e-05
SSX2IP,3.223606431528837e-05
TNNI3,3.206453448211816e-05
TRAF4,3.188241852955455e-05
RASL11A,3.185468714647828e-05
PEG10,3.177669785467505e-05
MBOAT2,3.1716530047942453e-05
TUBA1A,3.1708875808201544e-05
TBC1D4,3.169740297974718e-05
FCER2,3.15883757575551e-05
NAMPT,3.15244113458249e-05
F13A1,3.148387756622885e-05
CERS2,3.147433652450967e-05
IGHG3,3.144890161429155e-05
LGALS1,3.144497822954613e-05
TRBV14,3.140246566881947e-05
NPL,3.1374978725133146e-05
VWF,3.1186105734893615e-05
MAP1A,3.11155526321252e-05
C11orf96,3.076134016048729e-05
AP003498.1,3.075973652184122e-05
HIST1H1E,3.072013350184403e-05
AHNAK,3.054389218160048e-05
FNIP2,3.0385132865515774e-05
IRF4,3.026680248628325e-05
RRAD,3.0169536528218025e-05
RGS10,3.0051220765375064e-05
MSC,3.0035361931791205e-05
CCND3,2.9944705461614015e-05
H2AFJ,2.992910240972123e-05
CPOX,2.9898358150194344e-05
ANPEP,2.9633661887107842e-05
ANXA6,2.950350091650582e-05
CLCN3,2.9399137473726156e-05
FLNA,2.936137118346618e-05
HSPH1,2.9276228248899597e-05
SAV1,2.9236359193853415e-05
TNNC2,2.920255055128578e-05
TIMP1,2.9157745434991554e-05
MTSS1,2.914191781805102e-05
CST3,2.8973906536461958e-05
KIFAP3,2.896363933498777e-05
AP002478.1,2.8742255460962317e-05
DYNLL1,2.861727682062434e-05
ERBIN,2.8590756067924325e-05
ARF4,2.8235364618818936e-05
LRP12,2.8223849681911504e-05
TAB2,2.817373619001593e-05
CCDC34,2.8131754766118497e-05
CCL4L2,2.8099924897345028e-05
APOE,2.8026098886823662e-05
SLC40A1,2.7995816920491318e-05
ILK,2.7853082184483762e-05
SPINT2,2.7803868032354316e-05
AGPAT2,2.777661692561019e-05
OPHN1,2.7766042115064035e-05
CKS1B,2.7741037338285185e-05
LINC00989,2.762322901700002e-05
TRAC,2.7551662793024258e-05
TIMP3,2.753798397393713e-05
DBI,2.7501589185546956e-05
KLF9,2.735849972399216e-05
ANKDD1A,2.7337936574108482e-05
PHTF2,2.720872831794587e-05
IRAK3,2.719588452514758e-05
OLFM4,2.717255665880519e-05
LIPH,2.717230561150167e-05
MAP4K5,2.71404840538513e-05
HNMT,2.711078951025811e-05
FADS1,2.695498030918701e-05
CA2,2.6946683330276863e-05
ACER3,2.6842262671759684e-05
TRIM13,2.6833482381929837e-05
UBE2T,2.6823281200323644e-05
EMC3,2.6820004070072652e-05
MME,2.6809022701681603e-05
AIG1,2.677962594967194e-05
GPX4,2.6643449213121394e-05
SYNE1,2.654811536104714e-05
LPAR5,2.6477420428016197e-05
SEC11C,2.6459498683973214e-05
UBE2L6,2.6437558180363016e-05
CREG1,2.639494778661365e-05
WASF3,2.6386004356322687e-05
KRT86,2.6349158720498504e-05
LAT,2.633841617519121e-05
NDUFB3,2.629720448557202e-05
CD79B,2.6259080183442277e-05
LTA4H,2.6176235428582257e-05
RYR2,2.6095391223392014e-05
RGS1,2.6093397650223848e-05
GYPB,2.6089604269382264e-05
ADI1,2.591171284063014e-05
KIAA1586,2.5891671391762942e-05
PRKAR1B,2.584793911484176e-05
FMN1,2.5749594420085043e-05
BTK,2.5373792345950728e-05
KIFC3,2.5241830084737564e-05
BHLHE41,2.5144692827424607e-05
CORO1C,2.5082059457623732e-05
S100A12,2.497987485711152e-05
TPI1,2.4905415997216512e-05
BBS12,2.4870042084007666e-05
NDUFAF3,2.4737364616298902e-05
COL24A1,2.4717260174792396e-05
TSPAN32,2.4713279175172927e-05
HIST1H2AG,2.4552037503733627e-05
PLP2,2.4547886426979108e-05
AL512598.1,2.454692744467232e-05
CD320,2.4507162405762505e-05
PRMT1,2.4375556348676017e-05
ALOX5AP,2.4165832381885464e-05
TRAV20,2.3769406118542017e-05
KIF20B,2.3680313440346303e-05
CTSH,2.365027840574823e-05
ALCAM,2.363658698313862e-05
HDGFL3,2.3603759256434157e-05
AL390957.1,2.355219986526379e-05
ZNF778,2.3434369026835897e-05
TMED9,2.3379803155183135e-05
PLPP5,2.3370554435980852e-05
PARP1,2.325101732486485e-05
GGH,2.322776243804984e-05
AQP3,2.320897771863333e-05
TIGIT,2.318566132736382e-05
ARHGAP11A,2.318223461867793e-05
KPNA2,2.3155078601263903e-05
TUBB6,2.3122247741210572e-05
S100P,2.3027479805045133e-05
DMTN,2.2918268422183284e-05
SGK1,2.280346864042007e-05
S100A11,2.2786503185133465e-05
TRGC2,2.2749661019442984e-05
CLIC1,2.2724873075762302e-05
HAMP,2.270402539876383e-05
HP,2.2635195458247094e-05
AC007952.4,2.2590335078621295e-05
CD38,2.2500965657071373e-05
BEX1,2.241422451443513e-05
SPCS2,2.2410136922810588e-05
EHD1,2.2306212064223284e-05
CCDC50,2.2262244337935743e-05
MOB3C,2.224895233131542e-05
NCOA4,2.2197114697743817e-05
LCP1,2.2185178844175657e-05
RHOU,2.2176356016077444e-05
STIL,2.2079943594628885e-05
DNAJB11,2.2009624519538418e-05
SDC4,2.200074140183111e-05
BMP1,2.1983290589689602e-05
C12orf75,2.184543232574326e-05
THRB,2.177105507374636e-05
AP1S2,2.1749241609629318e-05
RNF130,2.1745189107435958e-05
CCL3L1,2.1730373867221724e-05
ENG,2.172065947467674e-05
CLEC12A,2.164331169067237e-05
SELENBP1,2.1578043716093258e-05
BRCA2,2.1535665137540318e-05
NOSIP,2.1500884569537682e-05
NET1,2.1430667887704828e-05
KDM7A,2.132990480533973e-05
HIST2H2BE,2.1289985363992734e-05
MAFF,2.1186594495116973e-05
CEP162,2.1087902751187067e-05
GPR183,2.1023094505988503e-05
DTYMK,2.0815701721237452e-05
CCL7,2.076121230160501e-05
SLCO4A1,2.0754477562442494e-05
VMP1,2.070897414956691e-05
MOB1B,2.0500677290459533e-05
TMEM176A,2.0437132337588754e-05
CCDC168,2.035815416306685e-05
FCER1A,2.034650592920945e-05
SLC2A6,2.0344535990882886e-05
LST1,2.0330581323149327e-05
POLR2L,2.0292369414689558e-05
PRR11,2.0160575568180383e-05
SLC27A2,2.014691309860503e-05
TWSG1,2.012276080235592e-05
PRF1,2.00796540243069e-05
MAFG,1.9903608545287284e-05
SLC31A2,1.9885645554147343e-05
MT1F,1.9814822541459403e-05
PYDC1,1.95835906783121e-05
CTNNA1,1.9554954641557515e-05
CDHR3,1.9503566217402442e-05
CAPN1,1.948756054730032e-05
MYLK,1.946632604735367e-05
UBA7,1.9340754530861803e-05
CASP6,1.931677394765925e-05
CD14,1.926676037357601e-05
P2RX4,1.9151736312274834e-05
CAT,1.9119625016777528e-05
IGHM,1.9085659971700578e-05
FBXW9,1.908161707496367e-05
FLT1,1.900068789423156e-05
NCKAP1,1.8996985666548173e-05
P2RX1,1.8982259249550777e-05
CMAS,1.894192893654419e-05
IFIT2,1.891787005776695e-05
TMEM45A,1.8856180237134473e-05
SEC61G,1.8789008098046562e-05
ADAMTS2,1.8724284082501835e-05
RRAS,1.8700719799553607e-05
GPBAR1,1.8666021012155724e-05
GCA,1.865606812660747e-05
HLX,1.857357938159689e-05
INAFM2,1.848602176239692e-05
PCDH9,1.8459927794910473e-05
SAP30,1.818590468897421e-05
HERC2,1.8130116506233867e-05
NANS,1.7984783234963573e-05
IL7R,1.79769873255318e-05
AC020571.1,1.7933349436592505e-05
TBPL1,1.7891530814251053e-05
RYBP,1.7874169852243776e-05
ITGB5,1.785592439899885e-05
DEK,1.7773019544581943e-05
TNFRSF9,1.7751643136897247e-05
ITGAM,1.774411391886803e-05
CD40LG,1.7736651559752367e-05
DNAJC5B,1.7647547560482903e-05
CES1,1.760084274545242e-05
JARID2,1.7580280489164174e-05
RPA3,1.7516097922207957e-05
MCUR1,1.7514658153884286e-05
AL133467.1,1.746048367602219e-05
ALAS1,1.722945922923106e-05
HYOU1,1.7053216420851818e-05
TMEM40,1.7024713815250023e-05
MARCKS,1.6961006732632436e-05
CKAP4,1.692934847137347e-05
MARCKSL1,1.6926969530459883e-05
IGHG4,1.689994362609051e-05
ADGRG3,1.689407227896608e-05
MEF2C,1.6859933697649866e-05
CD300A,1.6820818991641508e-05
CNIH4,1.676133882180493e-05
SLC7A11,1.673580655906505e-05
TSPO2,1.671321496001248e-05
CENPM,1.6644613697920666e-05
HLA-DPA1,1.6621885465206527e-05
PHB,1.6556356180126905e-05
NAIP,1.6504157539352453e-05
ALDH2,1.646802082066914e-05
HES1,1.646028564573785e-05
FDPS,1.6449774110752975e-05
EAF2,1.6445218908486186e-05
VCL,1.6395946049264272e-05
STRADB,1.6389306000700234e-05
EHBP1L1,1.634217026830234e-05
CA1,1.6278730761247252e-05
SRPRB,1.6251635864869453e-05
UHRF1,1.6246162513311012e-05
LDLRAP1,1.6240669039000565e-05
RGS2,1.6240361459906145e-05
AP001189.1,1.6176959195064863e-05
ACRBP,1.6139946370627506e-05
MAST4,1.6030782483368418e-05
SLC44A1,1.5970904503839884e-05
CLU,1.596995022246861e-05
AL445524.1,1.590112428328764e-05
PLXNC1,1.582965513821637e-05
TUBB2A,1.5793808575413797e-05
TUBB,1.5748938727071996e-05
HBM,1.5719680714041456e-05
TM6SF1,1.567834134631623e-05
ACHE,1.5647825414396945e-05
MAPKAPK3,1.5624164929431472e-05
HGD,1.56149759241657e-05
TRIM40,1.5605681530623058e-05
SERPINE2,1.5521965890445143e-05
UIMC1,1.5478522627836953e-05
DNAJC9,1.54209628197324e-05
PTX3,1.5403807679104243e-05
WARS,1.533525396286884e-05
ASAH1,1.530210670518565e-05
OTUD1,1.5183709950779882e-05
NUCB2,1.5158682176612373e-05
BLVRA,1.508388586650681e-05
PGK1,1.5066526984943621e-05
FNTB,1.460465896028269e-05
EPSTI1,1.4585350534884087e-05
FOXM1,1.4564494137152054e-05
MCM3,1.4559211740998854e-05
TXN,1.4553671737169811e-05
CARD19,1.4506301619486257e-05
PRC1,1.4413720190599007e-05
FRMD4B,1.4352048780380918e-05
TNFRSF1A,1.4305802020587041e-05
MAF,1.42585425873026e-05
IGHG1,1.4169492134802971e-05
UQCRC1,1.4159768584513575e-05
TIMM8B,1.4120233804343589e-05
SERPINB1,1.4016989585521069e-05
CSTB,1.400275786575564e-05
TNFSF10,1.3992443181074107e-05
WEE1,1.3986972925536723e-05
PROK2,1.3985955359028824e-05
MYZAP,1.3779611204718549e-05
VPREB3,1.3771851701109276e-05
AQP1,1.3714452536764995e-05
STAG3,1.3702932809440066e-05
SELP,1.3698915198834469e-05
KLRC1,1.3655246425664832e-05
GTSF1,1.3531415159144313e-05
WRB,1.3512906240141823e-05
TMEM156,1.3451645991288225e-05
CCNE2,1.3185518253285088e-05
MMD,1.3084039638259326e-05
DSG2,1.2964950400551869e-05
CNST,1.2915952366667098e-05
PLA2G12A,1.2909708685918946e-05
RAC1,1.2789751979046303e-05
AC084033.3,1.2761535693308121e-05
CLPTM1L,1.2760406642506216e-05
SPCS3,1.2715821767636667e-05
C15orf53,1.2714560208079526e-05
TNIP3,1.269944610918023e-05
AC010359.1,1.267658294125001e-05
AL109797.1,1.2666466876892226e-05
SPI1,1.2647867701768744e-05
ATOX1,1.2636668743005026e-05
ITPKA,1.259323537846296e-05
SPATS2L,1.2572413465341315e-05
CADM3,1.2572359931686163e-05
TAOK1,1.2546796143439616e-05
XK,1.2528323172703194e-05
LGALS12,1.2503434263888631e-05
TMEM70,1.2464952269768702e-05
CYB5R3,1.2409768848860931e-05
TUBB2B,1.2211958458808865e-05
SLC35B4,1.2175770122510364e-05
COX7A1,1.2157954894201278e-05
CADM1,1.2134990776392145e-05
IL13RA1,1.2097648068192838e-05
ATP5MF,1.2060982752115886e-05
LAPTM4B,1.2060490120048362e-05
IL1RN,1.2029221286913184e-05
TRBV28,1.1994610151740682e-05
PCBP1,1.1957270378229787e-05
NLRP3,1.1941585011908502e-05
PPP1R14B,1.192482492485951e-05
XCL1,1.191874915797967e-05
CD79A,1.1901693389712321e-05
KLRD1,1.1891053974871991e-05
MED12L,1.1859862641565664e-05
PARP14,1.184655618530183e-05
MATK,1.1836566963689589e-05
IPO11,1.1803963574457531e-05
GMNN,1.178486840520965e-05
FKBP1B,1.175310371192895e-05
SPARC,1.1651354197771542e-05
CEACAM4,1.1591969699160602e-05
FNBP1L,1.1557620249981509e-05
CALM3,1.1529612071417043e-05
DGKD,1.1504132925422033e-05
IFI35,1.1476592953271642e-05
ADGRE5,1.1476294826322837e-05
PLD4,1.1427012922867746e-05
NDC80,1.1413664356068208e-05
GRN,1.1401852054811946e-05
TSPAN18,1.1382119052132483e-05
RHOB,1.1379989338323388e-05
KCNE5,1.1349554506936569e-05
LYN,1.1338559445758227e-05
MLF1,1.132718094847577e-05
PPM1N,1.1224233024999834e-05
NRIP3,1.1127218565442092e-05
LRRK2,1.1106810782947542e-05
NR4A1,1.105864570090804e-05
CCDC88A,1.0970713495289757e-05
TESC,1.0939104200520208e-05
MTFR1L,1.0872360856824128e-05
MAFB,1.0871700024810841e-05
SKAP2,1.0615169511025272e-05
SUCNR1,1.0537092664453275e-05
CXCL3,1.0513447803461906e-05
MYDGF,1.0499851172227574e-05
YES1,1.043423262572903e-05
ALPL,1.0430730842650955e-05
ZNF503,1.0429619515593398e-05
AP005329.3,1.0426776941564756e-05
HSD17B4,1.0410684334252599e-05
PDZK1IP1,1.0404033621416458e-05
AC108134.2,1.0391163072535668e-05
ZDHHC19,1.0305261421019408e-05
KBTBD12,1.0293943775443068e-05
PKHD1L1,1.0222928034805629e-05
CSKMT,1.0183905724561239e-05
CTR9,1.018201359211061e-05
E2F7,1.007600901250844e-05
PFKFB3,1.0070337456101533e-05
NRARP,1.0029926226259608e-05
CFLAR,1.0007975005255182e-05
NUF2,9.993476567359603e-06
GNB2,9.959820498112736e-06
CLECL1,9.944554800941362e-06
SMIM14,9.921825658148593e-06
MDM1,9.913568896781688e-06
BET1,9.906021521556714e-06
GYPE,9.881023993405404e-06
CRELD2,9.86261947150262e-06
RSPH9,9.857462676345882e-06
LILRA5,9.846287866417944e-06
GJC1,9.826219628889869e-06
CAMK1,9.775115590050271e-06
CYB5D2,9.736726629949518e-06
PKIG,9.64489540866093e-06
ENDOD1,9.633879272348794e-06
ANKRD33B,9.582029438208423e-06
IFIT1,9.529808324735876e-06
BEND7,9.452626614672292e-06
POU2F2,9.448318680141498e-06
PTMS,9.445567004624506e-06
ISOC2,9.434229991301968e-06
LAIR1,9.425371201708293e-06
AGFG1,9.420883970034954e-06
RACGAP1,9.403387418772383e-06
TYROBP,9.383624146464458e-06
AC174065.1,9.335238466632576e-06
CPM,9.256819782686866e-06
FAM83A,9.24064869205906e-06
MNDA,9.19686271428557e-06
MMP14,9.192781070794845e-06
IMPDH2,9.133260406462888e-06
IGFBP2,9.106375411432445e-06
SELENOS,9.076660792460432e-06
SEMA3G,9.036390559798896e-06
TMPO,9.021438074041398e-06
MIS18BP1,9.018452697892321e-06
YOD1,8.961639885116842e-06
ITGA2B,8.94188929496205e-06
EVA1B,8.939779208775545e-06
PROS1,8.928389317808682e-06
MYOM2,8.923601352148215e-06
MUC16,8.891522956009905e-06
GRHL1,8.88250815878306e-06
AQP9,8.844133580077726e-06
NOP10,8.829726412059493e-06
SHCBP1,8.76657242481085e-06
GFOD1,8.752589864560652e-06
HIST1H2BJ,8.74506504631105e-06
FAM129A,8.734005415067308e-06
CPPED1,8.715534467880327e-06
ARG1,8.713817675478177e-06
LMNA,8.68863991372744e-06
RAB30,8.636635370911737e-06
HIST1H2AH,8.604992969693983e-06
STX1A,8.594593541173397e-06
SEC14L1,8.561324347462225e-06
IRX3,8.537316386100061e-06
ADAP2,8.525578508815575e-06
STX11,8.424032446409767e-06
STOM,8.419490386936928e-06
SELPLG,8.407219743859915e-06
RGPD2,8.406878147082491e-06
PRELID1,8.390403413165428e-06
IL6ST,8.37109748116668e-06
SEPT4,8.335355562031075e-06
CRIP1,8.24742534956486e-06
PDGFB,8.24441418822268e-06
TKT,8.175546950270843e-06
MCM4,8.095116532240773e-06
PTPN12,8.08522976976237e-06
GP1BA,8.05991572491187e-06
WDR88,8.045674663522106e-06
DNASE2,8.008799520786975e-06
FECH,7.997964666020899e-06
ABCA1,7.980002835583266e-06
PCSK6,7.953403504325818e-06
TAGLN2,7.865235189471299e-06
DDAH2,7.855888508187821e-06
SERPINE1,7.855621707177098e-06
COBLL1,7.850858033296179e-06
CFD,7.804710447937959e-06
BST1,7.80174013122076e-06
TNFRSF21,7.799379038926945e-06
PLXNB2,7.755287101304473e-06
HDLBP,7.752931719013946e-06
KLHL14,7.733283039998754e-06
UROD,7.720440653215144e-06
ZYX,7.714779668874536e-06
BNIP3,7.697858657666704e-06
SLC25A24,7.641467658266706e-06
CDK2AP2,7.6065262395498675e-06
HIST1H2BC,7.524267616198205e-06
AL162253.1,7.515713280410046e-06
HM13,7.46187913425431e-06
HMGN2,7.419261003456357e-06
ABHD4,7.323538063050806e-06
SMIM4,7.299193630135827e-06
DSEL,7.2908502719396345e-06
SEMA6B,7.2750126628837664e-06
IL18RAP,7.27411906551914e-06
C1QA,7.223701255085637e-06
DNAJC3,7.2141944115512275e-06
CD70,7.1529007504654015e-06
PSAP,7.15202308518363e-06
ETFA,7.138158961572907e-06
STXBP2,7.1192655500647365e-06
HCK,7.114797702849628e-06
PLPP3,7.086862410093977e-06
CDR2L,7.070191887153188e-06
PAG1,7.034914560442172e-06
TUBA4A,7.020732341861562e-06
SPHK1,6.993694418184268e-06
PSMB3,6.96293089408597e-06
TRAV13-2,6.912117730075638e-06
RAB27B,6.8982811923707625e-06
SULT1B1,6.89444893097888e-06
PGRMC1,6.884663210204585e-06
MT2A,6.862587830968041e-06
CKS2,6.847215195698997e-06
CDC45,6.839491375813656e-06
MMP8,6.835901834748325e-06
PRTN3,6.811523958597278e-06
RASGRP2,6.787049997889469e-06
AP000569.1,6.75409230893688e-06
IGLC2,6.7482218167155925e-06
PCOLCE-AS1,6.698128948837141e-06
BLK,6.695739133900154e-06
GNAI1,6.655816754698872e-06
ENO1,6.653302438087746e-06
ABRACL,6.613304118870422e-06
CITED1,6.576268826565104e-06
TUBGCP4,6.5700934597107615e-06
ANXA2,6.56124775830508e-06
GPR35,6.507403645062258e-06
KCNE3,6.485344211338951e-06
NLK,6.456119933048638e-06
MRPS6,6.429920276995462e-06
AP002852.1,6.422726000533821e-06
NT5DC2,6.42074865252185e-06
FAM110A,6.350239109343683e-06
BCL6,6.349813440322593e-06
TVP23A,6.331478128845519e-06
ORC6,6.326003432322645e-06
TMOD1,6.312891760638258e-06
ANKRD35,6.256868206786701e-06
FAH,6.227006281936167e-06
IL17RA,6.104966311890649e-06
PLA2G7,6.083956438878697e-06
ANXA5,6.07618698530996e-06
ROGDI,6.049966246113452e-06
GAS6,5.992939483790587e-06
RPN1,5.946544654028738e-06
PTGER2,5.94204848627878e-06
ACVR1,5.928990496239497e-06
STEAP4,5.917026617658998e-06
RAP2B,5.905003352445992e-06
COLGALT1,5.904562293729114e-06
LMCD1,5.9040829413967864e-06
PELI2,5.887684850939242e-06
ARHGAP22,5.83784631647394e-06
CTSB,5.793823378552321e-06
FBXO5,5.790405014856198e-06
IGHA1,5.762029165842086e-06
AC007240.1,5.754211408987985e-06
LAMP3,5.748399918825079e-06
NASP,5.733199842747294e-06
KLRF1,5.724684646643067e-06
BMP2K,5.713822505430587e-06
CEBPD,5.687155561889864e-06
GLUL,5.670372448183623e-06
CALU,5.648618190474444e-06
MIR22HG,5.613262130317269e-06
FKBP4,5.608561486921117e-06
PTGS1,5.593321856928579e-06
NCR3,5.553397902643253e-06
CDA,5.551762408520012e-06
SLC8A1,5.536307233755288e-06
LRRC25,5.486465533574317e-06
PGLYRP1,5.4855412519160315e-06
TNF,5.4158194882772104e-06
LMAN2,5.414044996846406e-06
UGCG,5.413471902794296e-06
CCDC80,5.400438640726284e-06
CLSPN,5.369021832880752e-06
HRH2,5.313678837914798e-06
BLOC1S1,5.282555069120843e-06
SSFA2,5.254083999620496e-06
PLK1,5.195475029468945e-06
PPP1R2C,5.1536103145458e-06
IL18,5.079099663577122e-06
PDE4DIP,5.075819635483355e-06
CALR,5.031825950067214e-06
SMARCA1,5.030062326075277e-06
GRAP2,5.006345426294485e-06
UBE2C,4.98003406512334e-06
HTR1F,4.851374275553586e-06
IGLC3,4.8017925984372985e-06
CPED1,4.776582583821875e-06
AC008637.1,4.753235390161849e-06
KIR3DL2,4.6777141549968684e-06
PPP1R14A,4.668348869519684e-06
CLIC4,4.633346192524738e-06
IL18R1,4.626846217954705e-06
SLC1A2,4.617945297743441e-06
M6PR,4.591795484519057e-06
COMT,4.58220266557212e-06
TMEM64,4.555980051966102e-06
RBM47,4.533210199909296e-06
CYTOR,4.5272276824672055e-06
GM2A,4.468665847456936e-06
MCM5,4.44244294447992e-06
FCAR,4.402420853740322e-06
AC103591.3,4.387244926946774e-06
PDIA6,4.339692850931172e-06
GTSE1,4.332904864989139e-06
PTCH2,4.316072546821226e-06
SUSD1,4.314363298108419e-06
FGFBP2,4.313030152366004e-06
JAK2,4.2604500588849606e-06
VNN1,4.214302762612502e-06
CEBPB,4.1958692940472565e-06
FOLR2,4.169532264209482e-06
RILPL2,4.134883606339085e-06
PIM1,4.127673198057523e-06
AC009403.1,4.113073528743834e-06
TTC39C-AS1,4.099712739797356e-06
GRINA,4.049021275704967e-06
LHFPL2,3.952313097752229e-06
SPIB,3.934329611718661e-06
CCL3,3.915803919484538e-06
PTTG1IP,3.905339641908621e-06
FAM178B,3.880081063532221e-06
DOPEY2,3.8036358952424557e-06
H1F0,3.7946984406985757e-06
HIST1H3G,3.785161433857443e-06
AL138995.1,3.758119085468735e-06
DCLRE1A,3.7343454821097738e-06
GSTP1,3.733202871934151e-06
EGR3,3.6972532680283104e-06
MYEOV,3.659405481418035e-06
AIF1,3.656959722118471e-06
BAALC,3.625778050468437e-06
SLC30A1,3.621171371513534e-06
SLA,3.586024772397038e-06
HOXA5,3.573646405302988e-06
IGHV3-30,3.5582994194812723e-06
LUCAT1,3.5128127070932944e-06
NAA38,3.4868585840480934e-06
LSMEM2,3.4677831390640115e-06
ZNF106,3.4527110201311615e-06
AL139099.1,3.4468644075468548e-06
HMMR,3.4395350873450704e-06
MPO,3.353598890100848e-06
CTNS,3.3405576547607353e-06
PADI4,3.3360562555818332e-06
IER5L,3.3317847042791914e-06
THUMPD1,3.326381512128175e-06
SMPD3,3.319669621393637e-06
TPX2,3.3004355293896036e-06
CXCR3,3.2937157898067056e-06
ATAD5,3.286418874021332e-06
ELANE,3.2685541870438084e-06
CD8A,3.2680771093297978e-06
MYC,3.2634960427272553e-06
CCNA2,3.250344538582703e-06
FBXO27,3.2494564069610372e-06
SPP1,3.2451946409486006e-06
UCHL1,3.227601034101672e-06
PDE3A,3.2255555432788486e-06
SMIM24,3.2062213993733866e-06
MARCH2,3.1743681064291782e-06
HIST1H2BG,3.1626044090513745e-06
CHN1,3.1460974866261295e-06
CLEC4D,3.1299312616916576e-06
HAVCR2,3.0872195636389595e-06
PHC2,3.0459891681683425e-06
PDLIM5,3.021492403704026e-06
CD177,3.0005312298709726e-06
HMBS,2.9520330125045557e-06
LINC02324,2.9423661633130026e-06
E2F8,2.920314504548033e-06
IDH1,2.910006898127073e-06
BBC3,2.9082641338487384e-06
MTFR2,2.904300230718681e-06
BUB1,2.8770695380555092e-06
TPM1-AS,2.876520575062152e-06
G0S2,2.8260856985099697e-06
CAP1,2.7719132449293813e-06
VEGFA,2.7454354133650954e-06
DAD1,2.7433847072592526e-06
SPC24,2.7055103728138277e-06
TMCC2,2.6888493344295126e-06
ADAM10,2.6643321282365095e-06
TSPAN13,2.6464951652069747e-06
NUDT16,2.612705955659785e-06
PAOX,2.603582140003268e-06
RRBP1,2.5767285644760474e-06
IL3RA,2.5704484256000794e-06
CLNK,2.5695538248249463e-06
TKTL1,2.5680250846542298e-06
CDKL1,2.548502999236227e-06
LAMTOR2,2.5357712759759023e-06
AL355075.4,2.533821804223674e-06
FCRL5,2.525631688127227e-06
TMEM98,2.5027383902378235e-06
PGAM1,2.4828611453999617e-06
CCDC167,2.477491028485861e-06
PEAR1,2.4567225159397764e-06
LDLRAD3,2.4494708731725556e-06
PKM,2.4467456378500315e-06
ABCA6,2.4368911084344155e-06
IL2RA,2.4229375816707806e-06
ARHGAP6,2.4216266958026486e-06
RAMP1,2.3990132151589135e-06
IGHV1-69,2.386670321397616e-06
PDCD10,2.384834269163422e-06
DIO3,2.3782360138891695e-06
AC092490.1,2.3621653747980884e-06
SLC11A1,2.342222047345958e-06
P2RY13,2.308127170291285e-06
SNX10,2.3031129762781572e-06
CRYGD,2.2811056995484882e-06
LXN,2.279063651189208e-06
RHD,2.2624562923764305e-06
KLHL5,2.2327303893517015e-06
EGR1,2.231583906475048e-06
SERPINA1,2.2206430050867006e-06
GADD45G,2.199995083761132e-06
RETN,2.1791276588615856e-06
EPGN,2.175297675953461e-06
PRDX1,2.170560997128628e-06
PON2,2.1636868999351055e-06
HERC5,2.163484631652931e-06
CLEC2L,2.1601837875751864e-06
CCNG1,2.155352766362668e-06
NRG1,2.148398032256634e-06
TSPO,2.125357683085114e-06
MLH3,2.120664476477447e-06
IGLV2-11,2.1108691244050336e-06
CTSL,2.0825911487064075e-06
LINC01781,2.062969786574001e-06
MBOAT7,2.0446982390492784e-06
HIST1H1B,2.0156890389110046e-06
TPST2,1.9979304427320623e-06
RAB11A,1.982099084705526e-06
GRTP1,1.976957945516101e-06
KLF4,1.96497330900907e-06
STAC2,1.9642952024229165e-06
SMPDL3A,1.9335349707313657e-06
AL031316.1,1.9274359259099384e-06
AIRE,1.9210467684024276e-06
TACC3,1.9141368047090624e-06
PDXK,1.8943860998718676e-06
ATP1B3,1.8798462217560362e-06
LYZ,1.8678577028907227e-06
KAZN,1.8416935520601804e-06
RTN3,1.8394166694120975e-06
HIST1H2BH,1.8352592041453325e-06
CDK6,1.823633116593806e-06
NCK1-DT,1.785329651869106e-06
TNS1,1.7842309251532444e-06
ADM,1.7502976942328361e-06
OSTC,1.7491274833639268e-06
TUBA1C,1.7277145172433094e-06
PGD,1.722185128371826e-06
CD84,1.7221362445217498e-06
ZNF385A,1.7137344018217174e-06
HIST1H3H,1.6968659211982336e-06
CFAP161,1.6799386270661137e-06
NRIP1,1.6685731625490915e-06
SPRED2,1.649190070402306e-06
HHEX,1.6315129578277334e-06
ETV5,1.578365432099054e-06
CRYM,1.5435455779002035e-06
DHFR,1.535164016510062e-06
Z93241.1,1.5051148361175443e-06
H2AFZ,1.437855637148529e-06
MAP1LC3A,1.435347060092763e-06
GCOM1,1.40992886655423e-06
MS4A6A,1.402705504447053e-06
TMEM140,1.4012212656379077e-06
RECK,1.4002695173155742e-06
SLC16A6,1.3984223561546352e-06
ADAMTS1,1.3918525647963732e-06
ACSL1,1.391122874092203e-06
RHOBTB3,1.3831749069904851e-06
ADAM28,1.3678596523893821e-06
TBXAS1,1.3525419161203587e-06
AP2S1,1.348258751215797e-06
TLE3,1.3472939252765883e-06
C1orf162,1.3420473296814567e-06
MINDY2,1.325399529442572e-06
SMTN,1.3192538155936537e-06
PDGFA,1.3163714592586694e-06
CYP19A1,1.3064239531571283e-06
ABHD17C,1.2996581475756668e-06
ERG,1.2866168333402253e-06
JPT1,1.2757987904729777e-06
TCN1,1.267294633003344e-06
GNG5,1.2551104494073796e-06
SOX4,1.249618571929662e-06
YWHAH,1.2235531059242388e-06
CTSW,1.214738028310719e-06
AL603756.1,1.212541880518795e-06
PVALB,1.1966683443709965e-06
TRDC,1.190901585157246e-06
S100A10,1.1866429978150452e-06
P4HB,1.1688542791761363e-06
VAMP8,1.16863634782536e-06
KRT1,1.1472432701813909e-06
LILRB4,1.1446093582820688e-06
LIMS1,1.1282923076985815e-06
SNX18,1.0975143099587443e-06
RSU1,1.0928491536975075e-06
RHOBTB1,1.0745833998150135e-06
TAL1,1.0741884526635333e-06
ATF3,1.0531715857627325e-06
MUC4,1.0466507031717494e-06
PTPN18,1.0358828234964737e-06
TFPI,1.024031062630053e-06
BID,1.0138038567340681e-06
KLHDC8B,1.0060217517525231e-06
SLC6A6,1.0052362213139734e-06
VASP,1.00262956935409e-06
TNFAIP8L1,9.95171015930369e-07
LMO2,9.906972173567824e-07
MGLL,9.843146169425464e-07
CD68,9.831547189783074e-07
AL360012.1,9.657895055846987e-07
AL359220.1,9.313942999360239e-07
C19orf38,9.286915850574592e-07
MYBL2,9.131524678773656e-07
ANKRD9,8.951584460141964e-07
CD226,8.734394353887271e-07
NDUFS6,8.71159959686912e-07
PTK2,8.667860853416417e-07
C2orf88,8.587334856924273e-07
CD300E,8.412159201558277e-07
RPN2,8.353575294716055e-07
SLC39A3,8.263845834220718e-07
TLR2,7.95005258787767e-07
KCNA3,7.425820814528202e-07
TSC22D1,7.415501456860164e-07
DMXL2,7.412263670716644e-07
SCYGR4,7.334005669863275e-07
TTYH3,7.276825994682971e-07
CD24,7.246943871906202e-07
E2F2,7.225048502298656e-07
NCS1,7.151438033341886e-07
UBE2S,7.144197156374072e-07
HSPA6,7.07026583585799e-07
PIK3AP1,6.990074803306486e-07
CD82,6.885345823704526e-07
HJURP,6.743149753006757e-07
LPCAT2,6.565249123236943e-07
PYCR2,6.450720429322163e-07
TNIK,6.356052530166551e-07
NUDT1,6.226885134301896e-07
PSTPIP2,5.68034371711905e-07
CD163,5.64794557520952e-07
HLA-DQA1,5.564206205118663e-07
PARVB,5.506941342266655e-07
GSN,5.50209855958923e-07
FCGRT,5.481055883902418e-07
BCL2L1,5.422817715197012e-07
ARHGAP18,5.41931000395579e-07
ZNF185,5.38998233609672e-07
TM2D2,5.355272220539239e-07
PLIN3,5.182583915180114e-07
SQOR,4.96920770941547e-07
IER3,4.948144081929221e-07
APLP2,4.6613886394188e-07
CSF1,4.616985491386683e-07
FAXDC2,4.4292459338665914e-07
PRDX4,4.3701214884973676e-07
PTGDR,4.3433822620908366e-07
PTCRA,4.287609508594335e-07
CPD,4.2553094432193574e-07
BPI,4.1951241877397584e-07
ENPP4,3.8960435489130896e-07
MRPL52,3.762914707591056e-07
FFAR2,3.617514627656826e-07
KIAA0513,3.5645017420970396e-07
TPP1,3.55134964176901e-07
MGAT1,3.544565380283869e-07
UBA1,3.540618470348812e-07
ADA,3.529622234328194e-07
CANX,3.404108189461325e-07
KLF10,3.3771242387230065e-07
PDE2A,3.340839557399767e-07
PNPLA6,3.334634508513901e-07
HIPK2,3.290427947403671e-07
LHFPL6,3.2124959912246653e-07
CBFA2T3,3.096145613774311e-07
GNS,3.064308127196534e-07
RGS3,2.9782641980786587e-07
NEIL1,2.750931457123426e-07
EIF4A3,2.6762129353516816e-07
LRRC8B,2.6400596521669545e-07
MAP3K20,2.635907311056778e-07
NFE2,2.576193356883941e-07
SCN1B,2.568292671948672e-07
CEP78,2.563116547000004e-07
SCPEP1,2.5533076311307425e-07
PIP4P2,2.54902821483366e-07
PLEKHO1,2.525231670907629e-07
INKA1,2.4720311352870553e-07
SMC4,2.4716131362117944e-07
GINS2,2.394256756995051e-07
PLBD1,2.3552878887194e-07
TNFAIP8,2.3476948914381315e-07
PPIF,2.3471215397592922e-07
TREM1,2.2330014162836184e-07
NT5C3A,2.2216298978358837e-07
ENKUR,2.1617861897724752e-07
GATA1,2.1499369101845663e-07
ADGRE2,1.9506670815673806e-07
GUCY1A1,1.926094991923865e-07
PTPN6,1.8410252340825496e-07
HNRNPLL,1.8094969271434601e-07
PTAFR,1.6973084739540734e-07
OSBP2,1.6972914412732437e-07
CPVL,1.5671826516085724e-07
FAM30A,1.5411359730530436e-07
CXXC5,1.517191411398902e-07
AKAP12,1.3945954977387967e-07
PBX1,1.3063873323444032e-07
E2F3,1.2943494333792893e-07
ROCK2,1.2744607396066024e-07
ACTN1,1.219740563041441e-07
PNP,1.1871405722001061e-07
CCL4,1.1800287566138965e-07
GFI1B,1.0457114878007813e-07
MTMR10,1.0264812961948452e-07
MARCH1,9.965578771127504e-08
CALD1,9.433505699900646e-08
DUSP5,9.427950683433528e-08
TCIRG1,8.491310441088928e-08
SWI5,8.358661062333785e-08
INSIG1,8.326954815743124e-08
IGF2BP3,8.27221706524013e-08
SELENOP,7.911215028781693e-08
CYB5A,7.782318421434216e-08
PIK3CB,7.689899990077552e-08
MIR4435-2HG,7.545420533134482e-08
CAPG,7.53024501399388e-08
RXRA,6.977950260139722e-08
RUFY1,6.89668452131829e-08
CD151,6.45333502010256e-08
LY6G6F,6.395306830577732e-08
CXCL16,5.498846138351365e-08
PCYT1B,5.2490808098884745e-08
RGL1,5.243915108163719e-08
SYK,5.0233698297107124e-08
TRAPPC3L,4.818463953282454e-08
GSTO1,4.487868978020666e-08
ATP7B,4.375126234546628e-08
CDKN3,4.2387418906600673e-08
AC020743.1,4.2186660064697233e-08
CSF2RB,4.155342077861346e-08
FFAR3,4.1312731074645425e-08
EGFL7,4.097937721630324e-08
FCN1,3.9305378643900776e-08
PDIA4,3.7623747689057056e-08
RDX,3.341555117042265e-08
MFSD1,3.1832563338110003e-08
PARD3,2.96646741555994e-08
TNFRSF1B,2.8576524089111514e-08
NCF1,2.755099933339627e-08
SLC43A2,2.7487866766007405e-08
MLEC,2.7137923148931603e-08
RNF19B,2.09845515940625e-08
ATP2C1,2.0588972310334427e-08
DSC2,2.0166533950729667e-08
IGSF6,1.9099117659903906e-08
AC017002.3,1.7883060059984827e-08
CDKN1A,1.69179279948515e-08
PHACTR1,1.6373850620222078e-08
LINC01871,1.575907139454424e-08
GLA,1.5346628183324468e-08
CDKN1C,1.525342319433149e-08
TSPOAP1-AS1,1.3855604119495214e-08
ALOX5,1.3300594359126444e-08
TGFB1I1,1.251724437329418e-08
IFNG,1.1472086914421215e-08
FLT3,1.1177793204553604e-08
ESAM,1.116862100108189e-08
CD33,1.0507689199972743e-08
PDGFC,9.66400555957275e-09
SAMD14,8.59223612589279e-09
LYPLAL1,8.467811517122906e-09
ARG2,6.79501320810716e-09
FCGR1A,5.637199058472802e-09
RALGPS2,5.487488532422023e-09
TMBIM1,4.5030434448859266e-09
PRSS23,3.9501430498503025e-09
MAP3K8,3.798176177746809e-09
TTC7B,3.214030523301065e-09
RIPK2,3.0133093415016374e-09
LRG1,2.9825043636797965e-09
SCHIP1,2.8261164007336015e-09
TPM1,2.5471584679656346e-09
IGF2BP2,2.4491973467333427e-09
RAB13,2.154716279246048e-09
AC026369.3,1.948226412166853e-09
NAAA,1.9104357208849545e-09
TFRC,1.8889221233746285e-09
PTP4A3,1.6804683303178345e-09
CASP1,1.6729936497925898e-09
NCF2,1.3287398184047778e-09
IGFBP7,1.211706259305165e-09
CDC14B,7.64368242999582e-10
GLIPR1,4.588900491076954e-10
EHD3,4.4215272418969186e-10
RIPOR2,2.3735014743684496e-10
ATP6V1A,2.0449254709730517e-10
CD40,1.8337921043490563e-10
PYGL,1.493106644144786e-10
LINC00324,1.2451485291195176e-10
DSE,6.724310876942056e-11
AL133163.2,0.0
CHST8,0.0
CBLN3,0.0
CTSG,0.0
KRTDAP,0.0
NCCRP1,0.0
AC010504.1,0.0
ZNF792,0.0
FBXO17,0.0
FOXA1,0.0
ZBTB32,0.0
EGLN3,0.0
STXBP6,0.0
CLC,0.0
UPK1A-AS1,0.0
MAG,0.0
CCNB2,0.0
LINC01480,0.0
AXL,0.0
EXOC3L2,0.0
FUT1,0.0
IZUMO1,0.0
RASIP1,0.0
SLC7A7,0.0
CABP5,0.0
C5AR2,0.0
C5AR1,0.0
PTGIR,0.0
HIF3A,0.0
IGFL2,0.0
KLC3,0.0
APOC1,0.0
AC011462.1,0.0
NECTIN2,0.0
PLAUR,0.0
SLC7A8,0.0
AC005392.2,0.0
CEACAM8,0.0
CEACAM6,0.0
CEBPA,0.0
DHRS2,0.0
PCAT19,0.0
TMEM91,0.0
NFATC4,0.0
AC008738.5,0.0
ASF1B,0.0
ZNF676,0.0
EDN3,0.0
ZNF556,0.0
JSRP1,0.0
AC005256.1,0.0
AZU1,0.0
PALM,0.0
PRSS57,0.0
RGS19,0.0
PLEK2,0.0
FNDC11,0.0
LINC00659,0.0
CDH4,0.0
CDH26,0.0
AC004817.3,0.0
AC123912.4,0.0
AURKA,0.0
RGS6,0.0
DPF3,0.0
NPC2,0.0
PGF,0.0
SMIM25,0.0
B4GALT5,0.0
ZMYND8,0.0
ZNF334,0.0
JDP2,0.0
FLVCR2,0.0
PLTP,0.0
LINC02322,0.0
DAAM1,0.0
LINC02284,0.0
AL355073.1,0.0
LINC00664,0.0
IFI30,0.0
MAP1S,0.0
AC010319.3,0.0
F2RL3,0.0
CYP4F2,0.0
TRIM9,0.0
UCA1,0.0
CYP4F3,0.0
SLC1A6,0.0
ATF5,0.0
ICAM1,0.0
COL5A3,0.0
PRAM1,0.0
ANGPTL4,0.0
DLGAP5,0.0
PCP2,0.0
ADGRE1,0.0
TRIP10,0.0
LINC00520,0.0
RFX2,0.0
SHD,0.0
EBI3,0.0
CREB3L3,0.0
TBXA2R,0.0
IL4I1,0.0
LILRB3,0.0
AC243965.2,0.0
Z83851.2,0.0
Z82206.1,0.0
ENTHD1,0.0
MGAT3,0.0
APOBEC3A,0.0
DGKH,0.0
LGALS2,0.0
CARD10,0.0
APOL4,0.0
RASD2,0.0
SMIM2-AS1,0.0
TCN2,0.0
AL589745.1,0.0
SERP2,0.0
NEFH,0.0
GAS2L1,0.0
EMID1,0.0
MN1,0.0
CRYBA4,0.0
HTR2A,0.0
AL022337.1,0.0
MYO18B,0.0
GGT5,0.0
IGLL1,0.0
GNAZ,0.0
IGLC7,0.0
DIAPH3,0.0
IGLC6,0.0
IGLL5,0.0
IGLV3-1,0.0
NAGA,0.0
A4GALT,0.0
IGLV3-10,0.0
BIK,0.0
AC233755.2,0.0
S100B,0.0
ERVH48-1,0.0
TMPRSS3,0.0
AC026333.4,0.0
HCAR3,0.0
TFF3,0.0
PITPNM2-AS1,0.0
CDK2AP1,0.0
UMODL1,0.0
LINC00114,0.0
CLDN14,0.0
RUNX1,0.0
TMEM132B,0.0
LINC00310,0.0
AC078925.1,0.0
MAP3K7CL,0.0
MIR155HG,0.0
GJB2,0.0
LINC00158,0.0
NCAM2,0.0
SPATA13-AS1,0.0
LINC02573,0.0
TMPRSS15,0.0
CXADR,0.0
UPK3A,0.0
KIAA0930,0.0
LINC00543,0.0
MPPED1,0.0
IGLV2-8,0.0
KCTD12,0.0
NAPSA,0.0
RNASE3,0.0
AC000068.2,0.0
RNASE2,0.0
OR5AU1,0.0
TRAV1-1,0.0
TRAV6,0.0
AP000547.3,0.0
TRAV8-1,0.0
AP000527.1,0.0
TRAV14DV4,0.0
PEG3,0.0
TRAV8-6,0.0
LILRB1,0.0
LILRA1,0.0
LILRA2,0.0
KIR3DX1,0.0
CDC42EP5,0.0
LILRA4,0.0
TRAV25,0.0
TRAV30,0.0
LILRB2,0.0
LILRB5,0.0
NOXRED1,0.0
FPR2,0.0
HAS1,0.0
ZNF175,0.0
AC020914.1,0.0
SIGLEC12,0.0
SIGLEC10,0.0
KLK3,0.0
AL355922.1,0.0
LINC00896,0.0
ACOD1,0.0
RNASE1,0.0
IGLV2-14,0.0
SPRY2,0.0
IGLV3-16,0.0
SLITRK5,0.0
LINC00379,0.0
IGLV2-18,0.0
IGLV3-19,0.0
IGLV3-21,0.0
IGLV2-23,0.0
IGLV3-25,0.0
FGF14,0.0
IGLV3-27,0.0
PRAME,0.0
IGLV5-37,0.0
IGLV1-40,0.0
IGLV1-44,0.0
EFNB2,0.0
IGLV5-45,0.0
IGLV7-46,0.0
RAB20,0.0
IGLV1-47,0.0
IGLV5-48,0.0
IGLV1-51,0.0
IGLV6-57,0.0
IGLV4-60,0.0
IGLV8-61,0.0
IGLV4-69,0.0
RTN4R,0.0
RNASE6,0.0
LRRC74A,0.0
LBP,0.0
SLPI,0.0
ASGR1,0.0
CLEC10A,0.0
AC012236.1,0.0
ALOX12,0.0
PIMREG,0.0
AC004148.1,0.0
SCIMP,0.0
TM4SF5,0.0
GREM1,0.0
P2RX5,0.0
OR1A1,0.0
SERPINF1,0.0
RILP,0.0
DOC2B,0.0
SCGB1C2,0.0
DPEP1,0.0
AC055874.1,0.0
FAM92B,0.0
WFDC1,0.0
AC078909.1,0.0
DNAAF1,0.0
HSD17B2,0.0
ZFHX3,0.0
TXNL4B,0.0
SPRED1,0.0
AC009097.4,0.0
CDH1,0.0
C15orf54,0.0
AC022196.1,0.0
ZDHHC1,0.0
ASGR2,0.0
TRPM1,0.0
IGHV1-58,0.0
ATP1B2,0.0
LHX1,0.0
AC243830.1,0.0
IGHV4-61,0.0
CCL18,0.0
IGHV3-64,0.0
CCL23,0.0
IGHV3-66,0.0
SLFN14,0.0
CCL8,0.0
IGHV1-69-2,0.0
CCL2,0.0
SPACA3,0.0
AC024267.1,0.0
LGALS9,0.0
KCNJ12,0.0
IGHV1-69D,0.0
RASD1,0.0
TNFRSF13B,0.0
IGHV3-72,0.0
IGHV3-73,0.0
CDRT4,0.0
IGHV3-74,0.0
AC012414.3,0.0
TEKT3,0.0
PMP22,0.0
CYFIP1,0.0
AURKB,0.0
ALOX15B,0.0
GUCY2D,0.0
CMTM2,0.0
CCL17,0.0
CCL22,0.0
CETP,0.0
C15orf48,0.0
PRSS33,0.0
NPW,0.0
TPSAB1,0.0
TPSB2,0.0
AC025580.2,0.0
MSLN,0.0
SEMA6D,0.0
HBZ,0.0
LINC01580,0.0
IDH2,0.0
WDR93,0.0
MFGE8,0.0
SH3GL3,0.0
AC103876.1,0.0
HDC,0.0
HOMER2,0.0
MEX3B,0.0
CEMIP,0.0
ARNT2,0.0
GLDN,0.0
BCL2A1,0.0
AC011944.1,0.0
PRTG,0.0
LINGO1,0.0
KIF23,0.0
RBPMS2,0.0
CA12,0.0
ALDH1A2,0.0
PKMYT1,0.0
MMP25,0.0
VASN,0.0
CRNDE,0.0
MT1H,0.0
BUB1B,0.0
MT1G,0.0
MT1B,0.0
MT1A,0.0
MT1M,0.0
MT1E,0.0
CCDC9B,0.0
MMP2,0.0
KNL1,0.0
DLL4,0.0
CHAC1,0.0
NUSAP1,0.0
AC007496.1,0.0
TMEM114,0.0
AC026471.5,0.0
COX6A2,0.0
ITGAX,0.0
SPN,0.0
AC009093.5,0.0
IL27,0.0
LINC02195,0.0
SCNN1B,0.0
ZSCAN29,0.0
ACSM3,0.0
AC130456.3,0.0
TNFRSF17,0.0
CARHSP1,0.0
IGHV4-59,0.0
IGHV3-53,0.0
PI3,0.0
AVP,0.0
SIRPA,0.0
RAD21L1,0.0
HMSD,0.0
SERPINB13,0.0
AC090409.1,0.0
TNFAIP2,0.0
CKB,0.0
NEDD4L,0.0
RD3L,0.0
LINC-ROR,0.0
TCF4,0.0
CCDC68,0.0
SKA1,0.0
ST8SIA5,0.0
SYT4,0.0
AC118757.1,0.0
IGHA2,0.0
IGHE,0.0
AC012123.1,0.0
PCAT18,0.0
ZNF521,0.0
AC023983.2,0.0
AP006565.1,0.0
IGHGP,0.0
ANKRD30B,0.0
EPB41L3,0.0
DLGAP1-AS4,0.0
MYOM1,0.0
IGHD,0.0
CPXM1,0.0
PCNA,0.0
IGHV5-51,0.0
TRMT6,0.0
KCNK15-AS1,0.0
STON2,0.0
LINC00642,0.0
TOX2,0.0
LGMN,0.0
IFI27,0.0
L3MBTL1,0.0
SLC32A1,0.0
C2CD4B,0.0
TGM2,0.0
SRC,0.0
SERPINA9,0.0
E2F1,0.0
DNMT3B,0.0
TCL1A,0.0
LINC02312,0.0
CYP46A1,0.0
COX4I2,0.0
DEFB124,0.0
MEG3,0.0
GZF1,0.0
AL118508.1,0.0
CD93,0.0
THBD,0.0
RIN2,0.0
DIO3OS,0.0
LAMP5,0.0
PLCB4,0.0
BMP2,0.0
EMILIN2,0.0
ADCYAP1,0.0
CLUL1,0.0
SECTM1,0.0
IGHV1-14,0.0
HEXIM2,0.0
IGHV3-15,0.0
IGHV1-18,0.0
RUNDC3A,0.0
IGHV3-20,0.0
IGHV3-21,0.0
IGHV3-23,0.0
IGHV1-24,0.0
IGHV2-26,0.0
PPY,0.0
IGHV4-28,0.0
ARL4D,0.0
CCR10,0.0
IGHV4-31,0.0
CAVIN1,0.0
KRT17,0.0
IGHV3-33,0.0
IGHV4-34,0.0
TOP2A,0.0
IGHV4-39,0.0
IGHV3-43,0.0
CDC6,0.0
LINC00221,0.0
CSF3,0.0
IGHV1-46,0.0
PNMT,0.0
IGHV3-48,0.0
IGHV3-49,0.0
IGHV3-13,0.0
OASL,0.0
HOXB5,0.0
CA4,0.0
SLC16A3,0.0
PPP1R27,0.0
SLC38A10,0.0
AATK,0.0
TIMP2,0.0
BIRC5,0.0
TK1,0.0
IGHV6-1,0.0
AC068594.1,0.0
CD300LF,0.0
CD300C,0.0
FAM20A,0.0
ICAM2,0.0
IGHV1-2,0.0
IGHV3-11,0.0
IGHV1-3,0.0
IGHV4-4,0.0
SKA2,0.0
TEX14,0.0
IGHV7-4-1,0.0
EPX,0.0
IGHV2-5,0.0
SMIM36,0.0
MBTD1,0.0
NME1,0.0
ABCC3,0.0
IGHV3-7,0.0
HOXB8,0.0
AL645608.7,0.0
ROR2,0.0
HNF1A,0.0
IL1RAP,0.0
TP63,0.0
MASP1,0.0
RTP1,0.0
B3GNT5,0.0
ECT2,0.0
NCEH1,0.0
GOLIM4,0.0
SERPINI2,0.0
SPTSSB,0.0
PQLC2L,0.0
VEPH1,0.0
LINC02029,0.0
PLCH1,0.0
P2RY1,0.0
IGSF10,0.0
P2RY12,0.0
TM4SF1,0.0
CPA3,0.0
AGTR1,0.0
PLOD2,0.0
SLC9A9,0.0
CHST2,0.0
AC121333.1,0.0
RBP1,0.0
RAB6B,0.0
ACPP,0.0
TRH,0.0
CLDN16,0.0
OSTN-AS1,0.0
GATA2,0.0
ATP13A4,0.0
CXCL9,0.0
LINC02562,0.0
EREG,0.0
CXCL2,0.0
CXCL1,0.0
PF4V1,0.0
CXCL8,0.0
JCHAIN,0.0
SPINK2,0.0
NMU,0.0
KIT,0.0
PDGFRA,0.0
ERVMER34-1,0.0
TEC,0.0
LIMCH1,0.0
DTHD1,0.0
LINC02357,0.0
PPARGC1A,0.0
PROM1,0.0
HS3ST1,0.0
MSX1,0.0
ADRA2C,0.0
SPON2,0.0
AC092535.3,0.0
APOD,0.0
XXYLT1-AS2,0.0
ATP13A3,0.0
GP9,0.0
CHST13,0.0
UNC80,0.0
KIF15,0.0
AC099329.1,0.0
AC099560.1,0.0
MYRIP,0.0
MOBP,0.0
XIRP1,0.0
CTDSPL,0.0
ARPP21,0.0
ZNF385D,0.0
SGO1,0.0
PLCL2-AS1,0.0
IRAK2,0.0
CIDEC,0.0
OXTR,0.0
LMCD1-AS1,0.0
NEU4,0.0
AC104667.2,0.0
COL6A3,0.0
AC105760.1,0.0
ACKR3,0.0
IQCA1,0.0
ITM2C,0.0
DNER,0.0
CCL20,0.0
CHPF,0.0
ASIC4,0.0
CYP27A1,0.0
MREG,0.0
AC006058.3,0.0
TMEM158,0.0
KALRN,0.0
CCR9,0.0
CSTA,0.0
CASR,0.0
CD86,0.0
POLQ,0.0
FSTL1,0.0
AC073352.2,0.0
CD80,0.0
LSAMP,0.0
CD200R1,0.0
C3orf52,0.0
MORC1,0.0
ZPLD1,0.0
FILIP1L,0.0
ST3GAL6,0.0
GPR15,0.0
AC104435.2,0.0
MITF,0.0
C3orf14,0.0
DNASE1L3,0.0
WNT5A,0.0
IL17RB,0.0
STAB1,0.0
MANF,0.0
NICN1,0.0
CDC25A,0.0
CCR1,0.0
CXCR6,0.0
CXCL10,0.0
CXCL11,0.0
SEPT11,0.0
AC106795.5,0.0
LINC01485,0.0
NEURL1B,0.0
SH3PXD2B,0.0
WWC1,0.0
AC113414.1,0.0
PTTG1,0.0
AC008609.1,0.0
IL12B,0.0
TIMD4,0.0
GPX3,0.0
NDST1-AS1,0.0
CSF1R,0.0
SLC26A2,0.0
HTR4,0.0
SPINK9,0.0
SPINK6,0.0
SPINK1,0.0
PCDHB14,0.0
HBEGF,0.0
MZB1,0.0
AC113382.2,0.0
TGFBI,0.0
CXCL14,0.0
PITX1,0.0
CSF2,0.0
CHSY3,0.0
LINC02240,0.0
LINC01411,0.0
CBY3,0.0
CXCL13,0.0
MGAT4B,0.0
LY6G6F-LY6G6D,0.0
MUCL3,0.0
TRIM15,0.0
UBD,0.0
HIST1H2AM,0.0
HIST1H2AL,0.0
AL021807.1,0.0
AL121936.1,0.0
HIST1H4H,0.0
HIST1H3F,0.0
HIST1H2BD,0.0
HIST1H2AC,0.0
HIST1H3B,0.0
AL133268.2,0.0
ID4,0.0
RBM24,0.0
CD83,0.0
EDN1,0.0
TMEM170B,0.0
TXNDC5,0.0
BMP6,0.0
AL359643.2,0.0
AL022725.1,0.0
AL162718.1,0.0
AL133351.1,0.0
LINC01011,0.0
FOXC1,0.0
SEMA6A,0.0
CDO1,0.0
AC008575.1,0.0
TSLP,0.0
AC106882.1,0.0
AC097375.1,0.0
GYPA,0.0
IL15,0.0
LINC02432,0.0
RNF150,0.0
CLGN,0.0
MGST2,0.0
SPRY1,0.0
FGF2,0.0
AC079341.1,0.0
PDE5A,0.0
SYNPO2,0.0
NDST3,0.0
EGF,0.0
SGMS2,0.0
PAPSS1,0.0
CXXC4-AS1,0.0
CXXC4,0.0
CENPE,0.0
SLC39A8,0.0
EMCN,0.0
LINC02267,0.0
HPGDS,0.0
MMRN1,0.0
GPAT3,0.0
PRDM8,0.0
FHDC1,0.0
MND1,0.0
GUCY1B1,0.0
DAB2,0.0
C5orf30,0.0
AC008592.5,0.0
MCTP1,0.0
CRHBP,0.0
SV2C,0.0
CCNB1,0.0
ELOVL7,0.0
RAB3C,0.0
AC008937.1,0.0
FST,0.0
ITGA2,0.0
TTC33,0.0
NPR3,0.0
FAM198B,0.0
CDH6,0.0
ADAMTS16,0.0
SLC6A19,0.0
AC112722.1,0.0
MIR3945HG,0.0
CENPU,0.0
CASP3,0.0
WWC2-AS1,0.0
TENM3,0.0
AADAT,0.0
MFAP3L,0.0
RXFP1,0.0
FN1,0.0
LINC01857,0.0
TMEM233,0.0
SLAMF8,0.0
SPTA1,0.0
CD1E,0.0
CD1C,0.0
AL138899.1,0.0
FCRL4,0.0
PKLR,0.0
SHE,0.0
AQP10,0.0
S100A16,0.0
LOR,0.0
TCHH,0.0
THEM5,0.0
MINDY1,0.0
C1orf54,0.0
HIST2H2AC,0.0
HIST2H4A,0.0
CD160,0.0
AC245014.3,0.0
FP700111.1,0.0
AC239798.2,0.0
FCGR1B,0.0
PHGDH,0.0
LINC01649,0.0
SYCP1,0.0
AL390729.1,0.0
LINC01750,0.0
KCND3,0.0
AIM2,0.0
CFAP45,0.0
TMIGD3,0.0
AL138930.1,0.0
CHIT1,0.0
CHI3L1,0.0
AC104463.2,0.0
LAD1,0.0
KIF14,0.0
ASPM,0.0
KCNT2,0.0
AL136987.1,0.0
RGS18,0.0
PLA2G4A,0.0
PTGS2,0.0
PDC,0.0
RGS16,0.0
QSOX1,0.0
FAM163A,0.0
DNM3OS,0.0
DNM3,0.0
F5,0.0
BLZF1,0.0
XCL2,0.0
LINC01675,0.0
OLFML2B,0.0
FCRLA,0.0
FCGR2B,0.0
FCGR3B,0.0
SLAMF7,0.0
SLAMF1,0.0
AL049557.1,0.0
CHI3L2,0.0
NRP2,0.0
AL596275.2,0.0
KIF2C,0.0
CDC20,0.0
MPL,0.0
FHL3,0.0
CDCA8,0.0
PSMB2,0.0
GJA4,0.0
TMEM54,0.0
SPOCD1,0.0
TINAGL1,0.0
SESN2,0.0
FGR,0.0
C1QB,0.0
C1QC,0.0
HSPG2,0.0
RAP1GAP,0.0
AL031005.1,0.0
EPHA2,0.0
FAM131C,0.0
CELA2A,0.0
AC254633.1,0.0
NPPA,0.0
RBP7,0.0
TP73,0.0
TNFRSF4,0.0
TNFRSF18,0.0
HES4,0.0
LINC00853,0.0
ORC1,0.0
PROK1,0.0
AC119428.2,0.0
GSTM3,0.0
GSTM5,0.0
AKNAD1,0.0
OLFM3,0.0
VCAM1,0.0
GPR88,0.0
DPYD,0.0
F3,0.0
GBP6,0.0
LINC01364,0.0
AL136382.1,0.0
CYR61,0.0
TTLL7,0.0
NEXN,0.0
ERICH3,0.0
NEGR1,0.0
AL031429.1,0.0
PTGER3,0.0
DEPDC1,0.0
IL23R,0.0
C1orf141,0.0
AL513493.1,0.0
AK4,0.0
KANK4,0.0
AL136985.2,0.0
TACSTD2,0.0
DHCR24,0.0
KISS1,0.0
IL10,0.0
C1orf116,0.0
TMEM87B,0.0
AC114776.1,0.0
AC112229.3,0.0
IL1RL1,0.0
IL1R1,0.0
AC103563.2,0.0
IGKV1D-8,0.0
IGKV3D-11,0.0
IGKV1D-13,0.0
IGKV3D-15,0.0
IGKV1D-16,0.0
IGKV3D-20,0.0
IGKV2D-28,0.0
IGKV2D-29,0.0
IGKV2D-30,0.0
IGKV1-39,0.0
IGKV1-37,0.0
IGKV2-30,0.0
IGKV1-27,0.0
IGKV2-24,0.0
IGKV6-21,0.0
IGKV3-20,0.0
IGKV1-17,0.0
IGKV1-16,0.0
IGKV3-15,0.0
IGKV3-11,0.0
IGKV1-9,0.0
IGKV1-8,0.0
MERTK,0.0
CKAP2L,0.0
AL445493.2,0.0
IL1B,0.0
CTLA4,0.0
SGO2,0.0
LINC01827,0.0
AC064871.1,0.0
FRZB,0.0
PDE1A,0.0
AC096649.1,0.0
RAPGEF4,0.0
DLX2,0.0
LRP2,0.0
DHRS9,0.0
SPC25,0.0
XIRP2,0.0
SCN9A,0.0
GRB14,0.0
CD302,0.0
PKP4-AS1,0.0
TNFAIP6,0.0
RND3,0.0
AC092484.1,0.0
KYNU,0.0
AC012306.2,0.0
PROC,0.0
AC023347.1,0.0
TMEM37,0.0
C1QL2,0.0
DPP10,0.0
IGKV1-6,0.0
IGKV1-5,0.0
IGKV5-2,0.0
IGKV4-1,0.0
MFSD2B,0.0
SDC1,0.0
VSNL1,0.0
MYCN,0.0
MIR3681HG,0.0
RRM2,0.0
ASAP2,0.0
LINC01814,0.0
AC068481.1,0.0
RSAD2,0.0
AC092159.1,0.0
ALKAL2,0.0
GCSAML,0.0
AL591686.1,0.0
CHRM3,0.0
GNG4,0.0
LINC00582,0.0
AL137793.1,0.0
PRSS38,0.0
RNU6ATAC35P,0.0
MARC1,0.0
CENPF,0.0
BATF3,0.0
DTL,0.0
NEK2,0.0
HSD11B1,0.0
CR1L,0.0
EFR3B,0.0
LINC01381,0.0
EMILIN1,0.0
LINC00309,0.0
REG1B,0.0
AC005034.4,0.0
EVA1A,0.0
HK2,0.0
ACTG2,0.0
EGR4,0.0
CYP26B1,0.0
CD207,0.0
ANXA4,0.0
AC015969.1,0.0
CNRIP1,0.0
MEIS1-AS2,0.0
TMEM17,0.0
QPCT,0.0
B3GNT2,0.0
BCL11A,0.0
CCDC85A,0.0
EML6,0.0
AC010967.1,0.0
AC009971.1,0.0
LHCGR,0.0
EPCAM,0.0
AC019129.2,0.0
LINC01914,0.0
CYP1B1,0.0
RMDN2-AS1,0.0
MPIG6B,0.0
HSPA1B,0.0
C2,0.0
PIH1D2,0.0
POU2AF1,0.0
ZC3H12C,0.0
C11orf87,0.0
GRIA4,0.0
MMP12,0.0
MMP7,0.0
TRPC6,0.0
SMCO4,0.0
RAB38,0.0
LRRC32,0.0
WNT11,0.0
SERPINH1,0.0
SLCO2B1,0.0
OR2AT4,0.0
FOLR3,0.0
CCND1,0.0
ACY3,0.0
AP003068.2,0.0
SPDYC,0.0
CDCA5,0.0
FKBP2,0.0
HRASLS2,0.0
FADS2,0.0
SLC15A3,0.0
AP000777.1,0.0
MS4A6E,0.0
MS4A4A,0.0
CRYAB,0.0
AP003063.1,0.0
MS4A3,0.0
NNMT,0.0
AL391839.1,0.0
AL161935.1,0.0
JCAD,0.0
BAMBI,0.0
MSRB2,0.0
AL513128.2,0.0
CASC10,0.0
MRC1,0.0
TMEM236,0.0
OLAH,0.0
MCM10,0.0
PROSER2-AS1,0.0
PROSER2,0.0
AL136320.1,0.0
AL390294.1,0.0
GATA3-AS1,0.0
TUBAL3,0.0
AKR1C4,0.0
AKR1C2,0.0
AKR1C1,0.0
ADARB2-AS1,0.0
ACAD8,0.0
ST14,0.0
SENCR,0.0
AP001360.1,0.0
JAML,0.0
TMPRSS4,0.0
MS4A2,0.0
OR5AN1,0.0
HLA-DQB2,0.0
PHLDA2,0.0
KRTAP5-2,0.0
SCT,0.0
SCGB1C1,0.0
SAPCD2,0.0
LCN6,0.0
AL590226.1,0.0
KCNT1,0.0
OLFM1,0.0
FIBCD1,0.0
ASS1,0.0
PTGES,0.0
PRRX2,0.0
NR5A1,0.0
AL359636.1,0.0
AL359644.1,0.0
PHF19,0.0
TLR4,0.0
PAPPA,0.0
TNFSF15,0.0
ORM1,0.0
AL162414.1,0.0
PALM2,0.0
PTPN3,0.0
ZNF462,0.0
SMC2,0.0
NR4A3,0.0
AL590705.1,0.0
KCNQ1OT1,0.0
AC104389.1,0.0
MPEG1,0.0
HBG1,0.0
FAM111B,0.0
AP001636.3,0.0
SERPING1,0.0
C1QTNF4,0.0
MDK,0.0
CREB3L1,0.0
ACCSL,0.0
AC087521.1,0.0
LRRC4C,0.0
AC021713.1,0.0
FJX1,0.0
EHF,0.0
FBXO3-DT,0.0
WT1,0.0
AL136088.1,0.0
MPPED2,0.0
KIF18A,0.0
BDNF,0.0
AC103974.1,0.0
SAA1,0.0
AC116535.1,0.0
MRVI1,0.0
LYVE1,0.0
ZNF215,0.0
CAVIN3,0.0
HBE1,0.0
AC104389.5,0.0
NRP1,0.0
AL022344.2,0.0
CXCL12,0.0
AVPR1A,0.0
APOF,0.0
MMP19,0.0
METTL7B,0.0
AC122685.1,0.0
MUCL1,0.0
AMHR2,0.0
IGFBP6,0.0
KRT8,0.0
KRT5,0.0
KRT7,0.0
LINC00592,0.0
AC008121.2,0.0
AQP2,0.0
SPATS2,0.0
TROAP,0.0
ADCY6,0.0
AC079906.1,0.0
ANO6,0.0
TMEM117,0.0
AC023157.3,0.0
AC008011.2,0.0
PTHLH,0.0
REP15,0.0
SSPN,0.0
RASSF8,0.0
BCAT1,0.0
SPX,0.0
LRP1,0.0
HMGA2,0.0
RASSF4,0.0
IL26,0.0
HRK,0.0
AC125603.2,0.0
TBX3,0.0
OAS3,0.0
OAS1,0.0
WSCD2,0.0
ASCL4,0.0
AC011595.2,0.0
STAB2,0.0
IGF1,0.0
PMCH,0.0
DRAM1,0.0
GAS2L3,0.0
AC090001.1,0.0
SOCS2,0.0
AC126175.1,0.0
DUSP6,0.0
KITLG,0.0
SLC6A15,0.0
AC089998.4,0.0
AC073591.1,0.0
PHLDA1,0.0
AC078923.1,0.0
MYRFL,0.0
BEST3,0.0
LINC02384,0.0
IL22,0.0
SLCO1C1,0.0
MGST1,0.0
DERA,0.0
MGP,0.0
AL157834.1,0.0
CEP55,0.0
MYOF,0.0
CYP26A1,0.0
KIF11,0.0
IFIT3,0.0
LIPA,0.0
CH25H,0.0
ANKRD22,0.0
PAPSS2,0.0
SFTPA1,0.0
KCNMA1,0.0
CHST3,0.0
TSPAN15,0.0
DNAJC12,0.0
CTNNA3,0.0
AC024600.1,0.0
EGR2,0.0
RTKN2,0.0
CDK1,0.0
UBE2D1,0.0
ZWINT,0.0
DKK1,0.0
SGMS1,0.0
DRGX,0.0
BX547991.1,0.0
DEPP1,0.0
DNTT,0.0
NKX2-3,0.0
SCD,0.0
CDCA3,0.0
ART4,0.0
GRIN2B,0.0
EMP1,0.0
GPRC5A,0.0
TAS2R10,0.0
CLEC1A,0.0
CLEC9A,0.0
CLEC1B,0.0
AC092746.1,0.0
CLEC4E,0.0
C3AR1,0.0
CLEC4C,0.0
LAG3,0.0
PCGF6,0.0
CD27,0.0
RAD51AP1,0.0
TSPAN9,0.0
WNT5B,0.0
NKX6-2,0.0
FANK1,0.0
HTRA1,0.0
AL731557.1,0.0
SHTN1,0.0
AFAP1L2,0.0
TCF7L2,0.0
ADRA2A,0.0
FBP1,0.0
PERM1,0.0
NFIL3,0.0
IMPDH1,0.0
MET,0.0
CAV1,0.0
CAV2,0.0
LRRC17,0.0
PILRA,0.0
CYP3A4,0.0
NPTX2,0.0
DLX6,0.0
PDK4,0.0
COL1A2,0.0
TFPI2,0.0
AC002454.1,0.0
AC079760.2,0.0
STEAP1,0.0
AC006145.1,0.0
HGF,0.0
MAGI2,0.0
CLDN3,0.0
CALN1,0.0
VKORC1L1,0.0
INHBA-AS1,0.0
INHBA,0.0
AC011290.1,0.0
TRGC1,0.0
SFRP4,0.0
ANLN,0.0
PPP1R17,0.0
TSPAN12,0.0
HILPDA,0.0
NTRK2,0.0
STRIP2,0.0
AC135371.1,0.0
AC110995.1,0.0
CSF2RA,0.0
CRLF2,0.0
NCAPG2,0.0
SHH,0.0
XRCC2,0.0
PRKAG2-AS1,0.0
KCNH2,0.0
AOC1,0.0
TMEM176B,0.0
RARRES2,0.0
C7orf33,0.0
KEL,0.0
PRSS2,0.0
TRBV23-1,0.0
TRBV11-2,0.0
TRBV9,0.0
TRBV6-1,0.0
MGAM,0.0
ZC3HAV1L,0.0
SVOPL,0.0
TRIM24,0.0
DGKI,0.0
CHRM2,0.0
MEST,0.0
SSMEM1,0.0
MINDY4,0.0
INMT,0.0
GGCT,0.0
AC005162.3,0.0
CTGF,0.0
CENPW,0.0
HEY2,0.0
AL365259.1,0.0
PKIB,0.0
GJA1,0.0
CALHM5,0.0
Z84488.1,0.0
LAMA4,0.0
CGA,0.0
MRAP2,0.0
RIPPLY2,0.0
TPBG,0.0
TENT5A,0.0
LCA5,0.0
MEI4,0.0
CD109,0.0
AL365226.2,0.0
RAB23,0.0
DST,0.0
RHAG,0.0
GTPBP2,0.0
TDRG1,0.0
KCNK17,0.0
KCNK5,0.0
KIFC1,0.0
HLA-DMB,0.0
EYA4,0.0
AL078590.3,0.0
IL22RA2,0.0
AC010082.1,0.0
CREB5,0.0
HOXA7,0.0
HOXA6,0.0
NPY,0.0
GPNMB,0.0
FAM126A,0.0
IL6,0.0
AC002480.2,0.0
RAPGEF5,0.0
ITGB8,0.0
AC004130.1,0.0
TWIST1,0.0
HDAC9,0.0
ARFGEF3,0.0
AHR,0.0
RSPH10B2,0.0
FSCN1,0.0
PAPOLB,0.0
ELFN1-AS1,0.0
AC074389.2,0.0
AC147651.4,0.0
FAM20C,0.0
SLC22A3,0.0
MYCT1,0.0
PPP1R14C,0.0
AL035446.1,0.0
EGFL6,0.0
BEND2,0.0
GK,0.0
LANCL3,0.0
NOV,0.0
TNFRSF11B,0.0
NUDCD1,0.0
ANGPT1,0.0
ZFPM2,0.0
DPYS,0.0
CTHRC1,0.0
GDF6,0.0
RUNX1T1,0.0
LINC00534,0.0
CALB1,0.0
AC100801.1,0.0
CA3,0.0
FABP4,0.0
HEY1,0.0
STMN2,0.0
ZC2HC1A,0.0
CRISPLD1,0.0
BHLHE22,0.0
LINC01602,0.0
AC104051.2,0.0
SOX17,0.0
CHRNA6,0.0
AC113133.1,0.0
IDO2,0.0
IDO1,0.0
ADAM9,0.0
ENPP2,0.0
HAS2,0.0
AC100858.3,0.0
TEK,0.0
FRMD3,0.0
PSAT1,0.0
ALDH1A1,0.0
ZFAND5,0.0
AL353608.3,0.0
BX255923.2,0.0
MELK,0.0
TPM2,0.0
ARHGEF39,0.0
CCL19,0.0
ENHO,0.0
PRSS3,0.0
IFNB1,0.0
TRIB1,0.0
SLC24A2,0.0
FREM1,0.0
NFIB,0.0
PTPRD,0.0
CD274,0.0
TMEM249,0.0
MAFA,0.0
LYPD2,0.0
LY6K,0.0
LINC02055,0.0
ZFAT-AS1,0.0
AC110741.1,0.0
C8orf86,0.0
EIF4EBP1,0.0
ZNF703,0.0
TEX15,0.0
GRIA3,0.0
PLS3,0.0
ACSL4,0.0
TMSB15A,0.0
SYTL4,0.0
DACH2,0.0
HMGN5,0.0
RTL3,0.0
SLC7A3,0.0
DLG3-AS1,0.0
AL139398.1,0.0
KIF4A,0.0
AR,0.0
PAGE5,0.0
PAGE2,0.0
MAGED2,0.0
GAGE10,0.0
FOXP3,0.0
SYP,0.0
PCSK1N,0.0
SLC38A5,0.0
CFP,0.0
SYN1,0.0
MAOB,0.0
MAOA,0.0
MPC1L,0.0
AC091808.1,0.0
CT55,0.0
FHL1,0.0
SPANXN4,0.0
GABRE,0.0
RBPMS,0.0
DUSP4,0.0
FBXO16,0.0
PBK,0.0
ESCO2,0.0
DPYSL2,0.0
CDCA2,0.0
NEFL,0.0
NEFM,0.0
ADAMDEC1,0.0
AC107959.4,0.0
GFRA2,0.0
AC100849.1,0.0
PDGFRL,0.0
FGF20,0.0
MSR1,0.0
DLC1,0.0
AC069185.1,0.0
PRSS51,0.0
PPP1R3B,0.0
DEFA3,0.0
DEFB1,0.0
DLGAP2,0.0
CLIC2,0.0
ATP6AP1,0.0
U52111.1,0.0
AC233755.1,0.0
HLA-DMA,-1.115322382779045e-19
